{
  "inputs": [
    [
      "high-extra-refills",
      8
    ],
    [
      "high-budget",
      240
    ],
    [
      "low-period",
      12500
    ],
    [
      "timer-both",
      false
    ]
  ],
  "series": {
    "sporadic/[Interrupt]": [
      {
        "stddev": 6.082762530298219,
        "x": 83333.33333333333,
        "y": 99268
      },
      {
        "stddev": 4.618802153517006,
        "x": 41666.666666666664,
        "y": 55292.666666666664
      },
      {
        "stddev": 2.309401076758503,
        "x": 20833.333333333332,
        "y": 29330.666666666668
      },
      {
        "stddev": 0.5773502691896257,
        "x": 10416.666666666666,
        "y": 15121.333333333334
      }
    ]
  }
}