{
  "inputs": [
    [
      "low-period",
      200000
    ],
    [
      "high-extra-refills",
      8
    ],
    [
      "high-budget",
      60
    ],
    [
      "timer-both",
      true
    ]
  ],
  "series": {
    "irq-bounded/[Baseline]": [
      {
        "stddev": 0.0,
        "x": null,
        "y": 99997
      }
    ],
    "sporadic/[Baseline]": [
      {
        "stddev": 0.0,
        "x": null,
        "y": 99996
      }
    ],
    "sporadic/[Interrupt]": [
      {
        "stddev": 6.8068592855540455,
        "x": 83333.33333333333,
        "y": 99990.66666666667
      },
      {
        "stddev": 8.082903768654761,
        "x": 41666.666666666664,
        "y": 99957.66666666667
      },
      {
        "stddev": 7.767453465154029,
        "x": 20833.333333333332,
        "y": 99962.33333333333
      },
      {
        "stddev": 0.0,
        "x": 10416.666666666666,
        "y": 99989
      }
    ]
  }
}