{
  "inputs": [
    [
      "low-period",
      200000
    ],
    [
      "high-extra-refills",
      8
    ],
    [
      "high-budget",
      60
    ],
    [
      "timer-both",
      false
    ]
  ],
  "series": {
    "irq-bounded/[Baseline]": [
      {
        "stddev": 0.0,
        "x": null,
        "y": 99997
      }
    ],
    "sporadic/[Baseline]": [
      {
        "stddev": 0.0,
        "x": null,
        "y": 99996
      }
    ],
    "sporadic/[Interrupt]": [
      {
        "stddev": 16.289055630494154,
        "x": 83333.33333333333,
        "y": 99984.66666666667
      },
      {
        "stddev": 11.930353445448855,
        "x": 41666.666666666664,
        "y": 99972.33333333333
      },
      {
        "stddev": 8.18535277187245,
        "x": 20833.333333333332,
        "y": 99957
      },
      {
        "stddev": 12.767145334803704,
        "x": 10416.666666666666,
        "y": 99985
      }
    ]
  }
}