{
  "inputs": [
    [
      "low-period",
      12500
    ],
    [
      "high-extra-refills",
      8
    ],
    [
      "high-budget",
      120
    ],
    [
      "timer-both",
      true
    ]
  ],
  "series": {
    "irq-bounded/[Baseline]": [
      {
        "stddev": 0.0,
        "x": null,
        "y": 83319
      }
    ],
    "sporadic/[Baseline]": [
      {
        "stddev": 0.0,
        "x": null,
        "y": 83319
      }
    ],
    "sporadic/[Interrupt]": [
      {
        "stddev": 2.886751345948129,
        "x": 83333.33333333333,
        "y": 83221.33333333333
      },
      {
        "stddev": 0.0,
        "x": 41666.666666666664,
        "y": 83272
      },
      {
        "stddev": 0.5773502691896257,
        "x": 20833.333333333332,
        "y": 83304.33333333333
      },
      {
        "stddev": 0.5773502691896257,
        "x": 10416.666666666666,
        "y": 83314.33333333333
      }
    ]
  }
}