{
  "inputs": [
    [
      "low-period",
      200000
    ],
    [
      "high-extra-refills",
      8
    ],
    [
      "high-budget",
      240
    ],
    [
      "timer-both",
      true
    ]
  ],
  "series": {
    "irq-bounded[Baseline]": [
      {
        "stddev": 6.6583281184793925,
        "x": null,
        "y": 38397623.666666664
      }
    ],
    "sporadic[Baseline]": [
      {
        "stddev": 12.662279942148386,
        "x": null,
        "y": 38398033.333333336
      }
    ],
    "sporadic[Interrupt]": [
      {
        "stddev": 15723.280223922742,
        "x": 12,
        "y": 36248970
      },
      {
        "stddev": 3995.359975438175,
        "x": 24,
        "y": 36526470.666666664
      },
      {
        "stddev": 3842.492073294795,
        "x": 48,
        "y": 37477691.333333336
      },
      {
        "stddev": 1804.0577411306251,
        "x": 96,
        "y": 37942245.333333336
      }
    ]
  }
}