{
  "inputs": [
    [
      "low-period",
      200000
    ],
    [
      "high-extra-refills",
      8
    ],
    [
      "high-budget",
      240
    ],
    [
      "timer-both",
      false
    ]
  ],
  "series": {
    "irq-bounded[Baseline]": [
      {
        "stddev": 6.6583281184793925,
        "x": null,
        "y": 38397623.666666664
      }
    ],
    "sporadic[Baseline]": [
      {
        "stddev": 12.662279942148386,
        "x": null,
        "y": 38398033.333333336
      }
    ],
    "sporadic[Interrupt]": [
      {
        "stddev": 27143.75107337476,
        "x": 12,
        "y": 32031967.333333332
      },
      {
        "stddev": 10751.10408283726,
        "x": 24,
        "y": 35388522
      },
      {
        "stddev": 15211.02075251143,
        "x": 48,
        "y": 36926660.666666664
      },
      {
        "stddev": 3133.612771227485,
        "x": 96,
        "y": 37670720
      }
    ]
  }
}