{
  "inputs": [
    [
      "high-extra-refills",
      8
    ],
    [
      "high-budget",
      60
    ],
    [
      "low-period",
      50000
    ],
    [
      "timer-both",
      false
    ]
  ],
  "series": {
    "sporadic/[Interrupt]": [
      {
        "stddev": 3.605551275463989,
        "x": 83333.33333333333,
        "y": 41322
      },
      {
        "stddev": 11.67618659209133,
        "x": 41666.666666666664,
        "y": 40557.666666666664
      },
      {
        "stddev": 34.93326972004386,
        "x": 20833.333333333332,
        "y": 38608.666666666664
      },
      {
        "stddev": 1.5275252316519465,
        "x": 10416.666666666666,
        "y": 22297.333333333332
      }
    ]
  }
}