{
  "inputs": [
    [
      "high-extra-refills",
      8
    ],
    [
      "high-budget",
      60
    ],
    [
      "low-period",
      50000
    ],
    [
      "timer-both",
      true
    ]
  ],
  "series": {
    "sporadic/[Interrupt]": [
      {
        "stddev": 27.061657993059725,
        "x": 83333.33333333333,
        "y": 41161.666666666664
      },
      {
        "stddev": 82.2455672564384,
        "x": 41666.666666666664,
        "y": 34441.666666666664
      },
      {
        "stddev": 2.6457513110645907,
        "x": 20833.333333333332,
        "y": 17642
      },
      {
        "stddev": 5.859465277082315,
        "x": 10416.666666666666,
        "y": 8916.333333333334
      }
    ]
  }
}