{
  "inputs": [
    [
      "low-period",
      25000
    ],
    [
      "high-extra-refills",
      8
    ],
    [
      "high-budget",
      120
    ],
    [
      "timer-both",
      true
    ]
  ],
  "series": {
    "irq-bounded[Baseline]": [
      {
        "stddev": 29.50141239556732,
        "x": null,
        "y": 31984802.333333332
      }
    ],
    "sporadic[Baseline]": [
      {
        "stddev": 21.361959960016154,
        "x": null,
        "y": 31990209.666666668
      }
    ],
    "sporadic[Interrupt]": [
      {
        "stddev": 9421.461829249218,
        "x": 12,
        "y": 28801442
      },
      {
        "stddev": 1244.1809889776218,
        "x": 24,
        "y": 31145713.666666668
      },
      {
        "stddev": 1054.3724832018963,
        "x": 48,
        "y": 31225893.666666668
      },
      {
        "stddev": 228.81724876707466,
        "x": 96,
        "y": 31611824.666666668
      }
    ]
  }
}