{
  "inputs": [
    [
      "low-period",
      25000
    ],
    [
      "high-extra-refills",
      8
    ],
    [
      "high-budget",
      120
    ],
    [
      "timer-both",
      false
    ]
  ],
  "series": {
    "irq-bounded[Baseline]": [
      {
        "stddev": 29.50141239556732,
        "x": null,
        "y": 31984802.333333332
      }
    ],
    "sporadic[Baseline]": [
      {
        "stddev": 21.361959960016154,
        "x": null,
        "y": 31990209.666666668
      }
    ],
    "sporadic[Interrupt]": [
      {
        "stddev": 13896.59825280993,
        "x": 12,
        "y": 28872376
      },
      {
        "stddev": 3046.9217252827484,
        "x": 24,
        "y": 29484845
      },
      {
        "stddev": 4090.276763252091,
        "x": 48,
        "y": 30760300
      },
      {
        "stddev": 2091.1916060785375,
        "x": 96,
        "y": 31383162.666666668
      }
    ]
  }
}