{
  "inputs": [
    [
      "high-extra-refills",
      8
    ],
    [
      "high-budget",
      60
    ],
    [
      "low-period",
      25000
    ],
    [
      "timer-both",
      false
    ]
  ],
  "series": {
    "sporadic/[Interrupt]": [
      {
        "stddev": 17.7857620959388,
        "x": 83333.33333333333,
        "y": 25728.666666666668
      },
      {
        "stddev": 22.715633383201094,
        "x": 41666.666666666664,
        "y": 25554
      },
      {
        "stddev": 13.228756555322953,
        "x": 20833.333333333332,
        "y": 24687
      },
      {
        "stddev": 0.5773502691896257,
        "x": 10416.666666666666,
        "y": 15128.333333333334
      }
    ]
  }
}