{
  "inputs": [
    [
      "low-period",
      25000
    ],
    [
      "high-extra-refills",
      8
    ],
    [
      "high-budget",
      240
    ],
    [
      "timer-both",
      false
    ]
  ],
  "series": {
    "irq-bounded/[Baseline]": [
      {
        "stddev": 0.0,
        "x": null,
        "y": 83319
      }
    ],
    "sporadic/[Baseline]": [
      {
        "stddev": 0.0,
        "x": null,
        "y": 83319
      }
    ],
    "sporadic/[Interrupt]": [
      {
        "stddev": 1.5275252316519468,
        "x": 83333.33333333333,
        "y": 83210.66666666667
      },
      {
        "stddev": 4.509249752822894,
        "x": 41666.666666666664,
        "y": 83262.66666666667
      },
      {
        "stddev": 2.5166114784235836,
        "x": 20833.333333333332,
        "y": 83298.33333333333
      },
      {
        "stddev": 2.5166114784235836,
        "x": 10416.666666666666,
        "y": 83310.66666666667
      }
    ]
  }
}