{
  "inputs": [
    [
      "low-period",
      25000
    ],
    [
      "high-extra-refills",
      8
    ],
    [
      "high-budget",
      240
    ],
    [
      "timer-both",
      true
    ]
  ],
  "series": {
    "irq-bounded/[Baseline]": [
      {
        "stddev": 0.0,
        "x": null,
        "y": 83319
      }
    ],
    "sporadic/[Baseline]": [
      {
        "stddev": 0.0,
        "x": null,
        "y": 83319
      }
    ],
    "sporadic/[Interrupt]": [
      {
        "stddev": 9.60902353693305,
        "x": 83333.33333333333,
        "y": 83268.33333333333
      },
      {
        "stddev": 1.1547005383792515,
        "x": 41666.666666666664,
        "y": 83306.66666666667
      },
      {
        "stddev": 0.5773502691896257,
        "x": 20833.333333333332,
        "y": 83304.33333333333
      },
      {
        "stddev": 0.0,
        "x": 10416.666666666666,
        "y": 83317
      }
    ]
  }
}