{
  "inputs": [
    [
      "low-period",
      25000
    ],
    [
      "high-extra-refills",
      8
    ],
    [
      "high-budget",
      120
    ],
    [
      "timer-both",
      false
    ]
  ],
  "series": {
    "irq-bounded/[Baseline]": [
      {
        "stddev": 0.0,
        "x": null,
        "y": 83319
      }
    ],
    "sporadic/[Baseline]": [
      {
        "stddev": 0.0,
        "x": null,
        "y": 83319
      }
    ],
    "sporadic/[Interrupt]": [
      {
        "stddev": 4.041451884327381,
        "x": 83333.33333333333,
        "y": 83258.33333333333
      },
      {
        "stddev": 4.358898943540674,
        "x": 41666.666666666664,
        "y": 83267
      },
      {
        "stddev": 4.0,
        "x": 20833.333333333332,
        "y": 83298
      },
      {
        "stddev": 2.081665999466133,
        "x": 10416.666666666666,
        "y": 83309.33333333333
      }
    ]
  }
}