{
  "inputs": [
    [
      "high-extra-refills",
      8
    ],
    [
      "high-budget",
      120
    ],
    [
      "low-period",
      50000
    ],
    [
      "timer-both",
      false
    ]
  ],
  "series": {
    "sporadic/[Interrupt]": [
      {
        "stddev": 11.930353445448855,
        "x": 83333.33333333333,
        "y": 65751.33333333333
      },
      {
        "stddev": 6.658328118479393,
        "x": 41666.666666666664,
        "y": 55301.333333333336
      },
      {
        "stddev": 4.58257569495584,
        "x": 20833.333333333332,
        "y": 29338
      },
      {
        "stddev": 2.886751345948129,
        "x": 10416.666666666666,
        "y": 15128.333333333334
      }
    ]
  }
}