{
  "inputs": [
    [
      "high-extra-refills",
      8
    ],
    [
      "high-budget",
      60
    ],
    [
      "low-period",
      25000
    ],
    [
      "timer-both",
      false
    ]
  ],
  "series": {
    "sporadic/[Interrupt]": [
      {
        "stddev": 13.316656236958787,
        "x": 83333.33333333333,
        "y": 41321.333333333336
      },
      {
        "stddev": 17.0,
        "x": 41666.666666666664,
        "y": 40577
      },
      {
        "stddev": 7.810249675906654,
        "x": 20833.333333333332,
        "y": 38581
      },
      {
        "stddev": 2.6457513110645907,
        "x": 10416.666666666666,
        "y": 22302
      }
    ]
  }
}