{
  "inputs": [
    [
      "high-extra-refills",
      8
    ],
    [
      "high-budget",
      60
    ],
    [
      "low-period",
      25000
    ],
    [
      "timer-both",
      true
    ]
  ],
  "series": {
    "sporadic/[Interrupt]": [
      {
        "stddev": 44.76978147515725,
        "x": 83333.33333333333,
        "y": 41154.333333333336
      },
      {
        "stddev": 30.43572462310259,
        "x": 41666.666666666664,
        "y": 34453.333333333336
      },
      {
        "stddev": 2.516611478423583,
        "x": 20833.333333333332,
        "y": 17646.333333333332
      },
      {
        "stddev": 4.163331998932265,
        "x": 10416.666666666666,
        "y": 8925.333333333334
      }
    ]
  }
}