{
  "inputs": [
    [
      "high-extra-refills",
      8
    ],
    [
      "high-budget",
      120
    ],
    [
      "low-period",
      100000
    ],
    [
      "timer-both",
      false
    ]
  ],
  "series": {
    "sporadic/[Interrupt]": [
      {
        "stddev": 28.728615235220325,
        "x": 83333.33333333333,
        "y": 99496.66666666667
      },
      {
        "stddev": 57.27419430540541,
        "x": 41666.666666666664,
        "y": 81014.33333333333
      },
      {
        "stddev": 4.58257569495584,
        "x": 20833.333333333332,
        "y": 43065
      },
      {
        "stddev": 5.131601439446884,
        "x": 10416.666666666666,
        "y": 22329.666666666668
      }
    ]
  }
}