{
  "inputs": [
    [
      "high-extra-refills",
      8
    ],
    [
      "high-budget",
      120
    ],
    [
      "low-period",
      100000
    ],
    [
      "timer-both",
      true
    ]
  ],
  "series": {
    "sporadic/[Interrupt]": [
      {
        "stddev": 60.27713773341708,
        "x": 83333.33333333333,
        "y": 66422.33333333333
      },
      {
        "stddev": 14.364307617610162,
        "x": 41666.666666666664,
        "y": 44531.333333333336
      },
      {
        "stddev": 26.839026311200886,
        "x": 20833.333333333332,
        "y": 17673.333333333332
      },
      {
        "stddev": 26.501572280401277,
        "x": 10416.666666666666,
        "y": 8896.666666666666
      }
    ]
  }
}