{
  "inputs": [
    [
      "high-extra-refills",
      8
    ],
    [
      "high-budget",
      120
    ],
    [
      "low-period",
      25000
    ],
    [
      "timer-both",
      false
    ]
  ],
  "series": {
    "sporadic/[Interrupt]": [
      {
        "stddev": 107.26757820205196,
        "x": 83333.33333333333,
        "y": 99481.66666666667
      },
      {
        "stddev": 26.083200212652844,
        "x": 41666.666666666664,
        "y": 81036.66666666667
      },
      {
        "stddev": 12.662279942148386,
        "x": 20833.333333333332,
        "y": 43061.333333333336
      },
      {
        "stddev": 3.7859388972001824,
        "x": 10416.666666666666,
        "y": 22333.333333333332
      }
    ]
  }
}