{
  "inputs": [
    [
      "high-extra-refills",
      8
    ],
    [
      "high-budget",
      120
    ],
    [
      "low-period",
      25000
    ],
    [
      "timer-both",
      true
    ]
  ],
  "series": {
    "sporadic/[Interrupt]": [
      {
        "stddev": 126.68596344241668,
        "x": 83333.33333333333,
        "y": 66337.33333333333
      },
      {
        "stddev": 15.0,
        "x": 41666.666666666664,
        "y": 44553
      },
      {
        "stddev": 17.925772879665004,
        "x": 20833.333333333332,
        "y": 17673.666666666668
      },
      {
        "stddev": 6.557438524302,
        "x": 10416.666666666666,
        "y": 8926
      }
    ]
  }
}