{
  "inputs": [
    [
      "high-extra-refills",
      8
    ],
    [
      "high-budget",
      60
    ],
    [
      "low-period",
      200000
    ],
    [
      "timer-both",
      false
    ]
  ],
  "series": {
    "sporadic/[Interrupt]": [
      {
        "stddev": 11.503622617824933,
        "x": 83333.33333333333,
        "y": 41336.333333333336
      },
      {
        "stddev": 3.7859388972001824,
        "x": 41666.666666666664,
        "y": 40582.333333333336
      },
      {
        "stddev": 84.24567249024328,
        "x": 20833.333333333332,
        "y": 38589.666666666664
      },
      {
        "stddev": 2.6457513110645907,
        "x": 10416.666666666666,
        "y": 22307
      }
    ]
  }
}