{
  "inputs": [
    [
      "high-extra-refills",
      8
    ],
    [
      "high-budget",
      60
    ],
    [
      "low-period",
      200000
    ],
    [
      "timer-both",
      true
    ]
  ],
  "series": {
    "sporadic/[Interrupt]": [
      {
        "stddev": 48.13522618623496,
        "x": 83333.33333333333,
        "y": 41135
      },
      {
        "stddev": 86.32689808705821,
        "x": 41666.666666666664,
        "y": 34555.333333333336
      },
      {
        "stddev": 24.979991993593593,
        "x": 20833.333333333332,
        "y": 17649
      },
      {
        "stddev": 7.234178138070234,
        "x": 10416.666666666666,
        "y": 8929.333333333334
      }
    ]
  }
}