{
  "inputs": [
    [
      "low-period",
      100000
    ],
    [
      "high-extra-refills",
      8
    ],
    [
      "high-budget",
      120
    ],
    [
      "timer-both",
      true
    ]
  ],
  "series": {
    "irq-bounded[Baseline]": [
      {
        "stddev": 3.605551275463989,
        "x": null,
        "y": 31995117
      }
    ],
    "sporadic[Baseline]": [
      {
        "stddev": 14.843629385474879,
        "x": null,
        "y": 31996111.333333332
      }
    ],
    "sporadic[Interrupt]": [
      {
        "stddev": 6238.188519113542,
        "x": 12,
        "y": 28819179
      },
      {
        "stddev": 149.1185210942401,
        "x": 24,
        "y": 31156141.333333332
      },
      {
        "stddev": 373.2921108193957,
        "x": 48,
        "y": 31230436
      },
      {
        "stddev": 1567.3577553747368,
        "x": 96,
        "y": 31617826.333333332
      }
    ]
  }
}