{
  "inputs": [
    [
      "low-period",
      100000
    ],
    [
      "high-extra-refills",
      8
    ],
    [
      "high-budget",
      120
    ],
    [
      "timer-both",
      false
    ]
  ],
  "series": {
    "irq-bounded[Baseline]": [
      {
        "stddev": 3.605551275463989,
        "x": null,
        "y": 31995117
      }
    ],
    "sporadic[Baseline]": [
      {
        "stddev": 14.843629385474879,
        "x": null,
        "y": 31996111.333333332
      }
    ],
    "sporadic[Interrupt]": [
      {
        "stddev": 10364.299895956954,
        "x": 12,
        "y": 28896718.333333332
      },
      {
        "stddev": 3511.044906197204,
        "x": 24,
        "y": 29514868.666666668
      },
      {
        "stddev": 6253.251181052408,
        "x": 48,
        "y": 30785453.666666668
      },
      {
        "stddev": 3726.49840109094,
        "x": 96,
        "y": 31395151.333333332
      }
    ]
  }
}