{
  "inputs": [
    [
      "low-period",
      25000
    ],
    [
      "high-extra-refills",
      8
    ],
    [
      "high-budget",
      240
    ],
    [
      "timer-both",
      true
    ]
  ],
  "series": {
    "irq-bounded[Baseline]": [
      {
        "stddev": 29.50141239556732,
        "x": null,
        "y": 31984802.333333332
      }
    ],
    "sporadic[Baseline]": [
      {
        "stddev": 21.361959960016154,
        "x": null,
        "y": 31990209.666666668
      }
    ],
    "sporadic[Interrupt]": [
      {
        "stddev": 5162.216675034088,
        "x": 12,
        "y": 30197407
      },
      {
        "stddev": 797.9172889466677,
        "x": 24,
        "y": 31142655
      },
      {
        "stddev": 577.8987800644677,
        "x": 48,
        "y": 31223293
      },
      {
        "stddev": 507.1452783309072,
        "x": 96,
        "y": 31611747.333333332
      }
    ]
  }
}