{
  "inputs": [
    [
      "low-period",
      25000
    ],
    [
      "high-extra-refills",
      8
    ],
    [
      "high-budget",
      240
    ],
    [
      "timer-both",
      false
    ]
  ],
  "series": {
    "irq-bounded[Baseline]": [
      {
        "stddev": 29.50141239556732,
        "x": null,
        "y": 31984802.333333332
      }
    ],
    "sporadic[Baseline]": [
      {
        "stddev": 21.361959960016154,
        "x": null,
        "y": 31990209.666666668
      }
    ],
    "sporadic[Interrupt]": [
      {
        "stddev": 4829.477231888906,
        "x": 12,
        "y": 26665261.333333332
      },
      {
        "stddev": 1978.8484867046625,
        "x": 24,
        "y": 29475147.666666668
      },
      {
        "stddev": 2307.3918898473516,
        "x": 48,
        "y": 30765403.666666668
      },
      {
        "stddev": 1231.6827242976713,
        "x": 96,
        "y": 31386187.333333332
      }
    ]
  }
}