{
  "inputs": [
    [
      "low-period",
      50000
    ],
    [
      "high-extra-refills",
      8
    ],
    [
      "high-budget",
      60
    ],
    [
      "timer-both",
      true
    ]
  ],
  "series": {
    "irq-bounded/[Baseline]": [
      {
        "stddev": 0.0,
        "x": null,
        "y": 83322
      }
    ],
    "sporadic/[Baseline]": [
      {
        "stddev": 0.0,
        "x": null,
        "y": 83322
      }
    ],
    "sporadic/[Interrupt]": [
      {
        "stddev": 12.0,
        "x": 83333.33333333333,
        "y": 83319
      },
      {
        "stddev": 2.309401076758503,
        "x": 41666.666666666664,
        "y": 83324.66666666667
      },
      {
        "stddev": 1.7320508075688772,
        "x": 20833.333333333332,
        "y": 83319
      },
      {
        "stddev": 0.0,
        "x": 10416.666666666666,
        "y": 83329
      }
    ]
  }
}