{
  "inputs": [
    [
      "low-period",
      50000
    ],
    [
      "high-extra-refills",
      8
    ],
    [
      "high-budget",
      60
    ],
    [
      "timer-both",
      false
    ]
  ],
  "series": {
    "irq-bounded/[Baseline]": [
      {
        "stddev": 0.0,
        "x": null,
        "y": 83322
      }
    ],
    "sporadic/[Baseline]": [
      {
        "stddev": 0.0,
        "x": null,
        "y": 83322
      }
    ],
    "sporadic/[Interrupt]": [
      {
        "stddev": 5.196152422706632,
        "x": 83333.33333333333,
        "y": 83326
      },
      {
        "stddev": 6.506407098647712,
        "x": 41666.666666666664,
        "y": 83321.66666666667
      },
      {
        "stddev": 5.033222956847166,
        "x": 20833.333333333332,
        "y": 83328.33333333333
      },
      {
        "stddev": 3.0550504633038935,
        "x": 10416.666666666666,
        "y": 83326.66666666667
      }
    ]
  }
}