{
  "inputs": [
    [
      "low-period",
      100000
    ],
    [
      "high-extra-refills",
      8
    ],
    [
      "high-budget",
      240
    ],
    [
      "timer-both",
      false
    ]
  ],
  "series": {
    "irq-bounded[Baseline]": [
      {
        "stddev": 3.605551275463989,
        "x": null,
        "y": 31995117
      }
    ],
    "sporadic[Baseline]": [
      {
        "stddev": 14.843629385474879,
        "x": null,
        "y": 31996111.333333332
      }
    ],
    "sporadic[Interrupt]": [
      {
        "stddev": 3328.143977254189,
        "x": 12,
        "y": 26695812.666666668
      },
      {
        "stddev": 10580.615168001024,
        "x": 24,
        "y": 29495683.333333332
      },
      {
        "stddev": 1842.3965371222341,
        "x": 48,
        "y": 30784462
      },
      {
        "stddev": 933.7335451472939,
        "x": 96,
        "y": 31391961.666666668
      }
    ]
  }
}