{
  "inputs": [
    [
      "low-period",
      100000
    ],
    [
      "high-extra-refills",
      8
    ],
    [
      "high-budget",
      240
    ],
    [
      "timer-both",
      true
    ]
  ],
  "series": {
    "irq-bounded[Baseline]": [
      {
        "stddev": 3.605551275463989,
        "x": null,
        "y": 31995117
      }
    ],
    "sporadic[Baseline]": [
      {
        "stddev": 14.843629385474879,
        "x": null,
        "y": 31996111.333333332
      }
    ],
    "sporadic[Interrupt]": [
      {
        "stddev": 9098.11828530127,
        "x": 12,
        "y": 30215198.666666668
      },
      {
        "stddev": 8818.34770993599,
        "x": 24,
        "y": 31153868.666666668
      },
      {
        "stddev": 1977.7997876428242,
        "x": 48,
        "y": 31232815
      },
      {
        "stddev": 541.861913529022,
        "x": 96,
        "y": 31618637.333333332
      }
    ]
  }
}