{
  "inputs": [
    [
      "low-period",
      12500
    ],
    [
      "high-extra-refills",
      8
    ],
    [
      "high-budget",
      60
    ],
    [
      "timer-both",
      true
    ]
  ],
  "series": {
    "irq-bounded[Baseline]": [
      {
        "stddev": 129.6469565139627,
        "x": null,
        "y": 31974815.333333332
      }
    ],
    "sporadic[Baseline]": [
      {
        "stddev": 81.77000264970849,
        "x": null,
        "y": 31986057.666666668
      }
    ],
    "sporadic[Interrupt]": [
      {
        "stddev": 8438.237098667785,
        "x": 12,
        "y": 30626737.333333332
      },
      {
        "stddev": 1836.3350275299258,
        "x": 24,
        "y": 30431953.333333332
      },
      {
        "stddev": 2005.9244751485535,
        "x": 48,
        "y": 31223630
      },
      {
        "stddev": 392.58417356451514,
        "x": 96,
        "y": 31607764.666666668
      }
    ]
  }
}