{
  "inputs": [
    [
      "low-period",
      12500
    ],
    [
      "high-extra-refills",
      8
    ],
    [
      "high-budget",
      60
    ],
    [
      "timer-both",
      false
    ]
  ],
  "series": {
    "irq-bounded[Baseline]": [
      {
        "stddev": 129.6469565139627,
        "x": null,
        "y": 31974815.333333332
      }
    ],
    "sporadic[Baseline]": [
      {
        "stddev": 81.77000264970849,
        "x": null,
        "y": 31986057.666666668
      }
    ],
    "sporadic[Interrupt]": [
      {
        "stddev": 5510.4564541726795,
        "x": 12,
        "y": 30839771.333333332
      },
      {
        "stddev": 4242.901955030306,
        "x": 24,
        "y": 30861658
      },
      {
        "stddev": 6906.244300148478,
        "x": 48,
        "y": 30905579.666666668
      },
      {
        "stddev": 3833.8791495472747,
        "x": 96,
        "y": 31385168.666666668
      }
    ]
  }
}