{
  "inputs": [
    [
      "high-extra-refills",
      8
    ],
    [
      "high-budget",
      240
    ],
    [
      "low-period",
      200000
    ],
    [
      "timer-both",
      false
    ]
  ],
  "series": {
    "sporadic/[Interrupt]": [
      {
        "stddev": 25.579940057266228,
        "x": 83333.33333333333,
        "y": 145550.66666666666
      },
      {
        "stddev": 29.160475533388226,
        "x": 41666.666666666664,
        "y": 81171.66666666667
      },
      {
        "stddev": 6.027713773341708,
        "x": 20833.333333333332,
        "y": 43182.666666666664
      },
      {
        "stddev": 2.0816659994661326,
        "x": 10416.666666666666,
        "y": 22410.666666666668
      }
    ]
  }
}