{
  "inputs": [
    [
      "high-extra-refills",
      8
    ],
    [
      "high-budget",
      240
    ],
    [
      "low-period",
      200000
    ],
    [
      "timer-both",
      true
    ]
  ],
  "series": {
    "sporadic/[Interrupt]": [
      {
        "stddev": 115.77564510725043,
        "x": 83333.33333333333,
        "y": 85557
      },
      {
        "stddev": 16.64331697709324,
        "x": 41666.666666666664,
        "y": 34578
      },
      {
        "stddev": 11.269427669584644,
        "x": 20833.333333333332,
        "y": 17683
      },
      {
        "stddev": 15.874507866387544,
        "x": 10416.666666666666,
        "y": 8924
      }
    ]
  }
}