{
  "inputs": [
    [
      "low-period",
      100000
    ],
    [
      "high-extra-refills",
      8
    ],
    [
      "high-budget",
      240
    ],
    [
      "timer-both",
      true
    ]
  ],
  "series": {
    "irq-bounded/[Baseline]": [
      {
        "stddev": 0.0,
        "x": null,
        "y": 83326
      }
    ],
    "sporadic/[Baseline]": [
      {
        "stddev": 0.0,
        "x": null,
        "y": 83326
      }
    ],
    "sporadic/[Interrupt]": [
      {
        "stddev": 1.1547005383792515,
        "x": 83333.33333333333,
        "y": 83310.33333333333
      },
      {
        "stddev": 3.4641016151377544,
        "x": 41666.666666666664,
        "y": 83326
      },
      {
        "stddev": 4.618802153517006,
        "x": 20833.333333333332,
        "y": 83324.66666666667
      },
      {
        "stddev": 0.0,
        "x": 10416.666666666666,
        "y": 83329
      }
    ]
  }
}