{
  "inputs": [
    [
      "high-extra-refills",
      8
    ],
    [
      "high-budget",
      60
    ],
    [
      "low-period",
      100000
    ],
    [
      "timer-both",
      true
    ]
  ],
  "series": {
    "sporadic/[Interrupt]": [
      {
        "stddev": 78.69138029881883,
        "x": 83333.33333333333,
        "y": 19141.333333333332
      },
      {
        "stddev": 3.2145502536643185,
        "x": 41666.666666666664,
        "y": 19984.333333333332
      },
      {
        "stddev": 0.0,
        "x": 20833.333333333332,
        "y": 10203
      },
      {
        "stddev": 0.0,
        "x": 10416.666666666666,
        "y": 5154
      }
    ]
  }
}