{
  "inputs": [
    [
      "high-extra-refills",
      8
    ],
    [
      "high-budget",
      60
    ],
    [
      "low-period",
      100000
    ],
    [
      "timer-both",
      false
    ]
  ],
  "series": {
    "sporadic/[Interrupt]": [
      {
        "stddev": 10.392304845413264,
        "x": 83333.33333333333,
        "y": 25751
      },
      {
        "stddev": 12.662279942148386,
        "x": 41666.666666666664,
        "y": 25544.333333333332
      },
      {
        "stddev": 8.144527815247077,
        "x": 20833.333333333332,
        "y": 24681.666666666668
      },
      {
        "stddev": 2.886751345948129,
        "x": 10416.666666666666,
        "y": 15131.333333333334
      }
    ]
  }
}