{
  "inputs": [
    [
      "high-extra-refills",
      8
    ],
    [
      "high-budget",
      60
    ],
    [
      "low-period",
      200000
    ],
    [
      "timer-both",
      false
    ]
  ],
  "series": {
    "sporadic/[Interrupt]": [
      {
        "stddev": 9.291573243177568,
        "x": 83333.33333333333,
        "y": 25722.666666666668
      },
      {
        "stddev": 11.357816691600547,
        "x": 41666.666666666664,
        "y": 25516
      },
      {
        "stddev": 9.16515138991168,
        "x": 20833.333333333332,
        "y": 24684
      },
      {
        "stddev": 3.7859388972001824,
        "x": 10416.666666666666,
        "y": 15132.333333333334
      }
    ]
  }
}