{
  "inputs": [
    [
      "high-extra-refills",
      8
    ],
    [
      "high-budget",
      60
    ],
    [
      "low-period",
      200000
    ],
    [
      "timer-both",
      true
    ]
  ],
  "series": {
    "sporadic/[Interrupt]": [
      {
        "stddev": 38.88873015840622,
        "x": 83333.33333333333,
        "y": 19116.333333333332
      },
      {
        "stddev": 22.27853974867593,
        "x": 41666.666666666664,
        "y": 19972.666666666668
      },
      {
        "stddev": 0.0,
        "x": 20833.333333333332,
        "y": 10203
      },
      {
        "stddev": 0.0,
        "x": 10416.666666666666,
        "y": 5154
      }
    ]
  }
}