{
  "inputs": [
    [
      "low-period",
      200000
    ],
    [
      "high-extra-refills",
      8
    ],
    [
      "high-budget",
      60
    ],
    [
      "timer-both",
      true
    ]
  ],
  "series": {
    "irq-bounded[Baseline]": [
      {
        "stddev": 6.6583281184793925,
        "x": null,
        "y": 38397623.666666664
      }
    ],
    "sporadic[Baseline]": [
      {
        "stddev": 12.662279942148386,
        "x": null,
        "y": 38398033.333333336
      }
    ],
    "sporadic[Interrupt]": [
      {
        "stddev": 27704.924526155995,
        "x": 12,
        "y": 36748218
      },
      {
        "stddev": 13179.100993618647,
        "x": 24,
        "y": 36541075
      },
      {
        "stddev": 2211.6112527597006,
        "x": 48,
        "y": 37471205.666666664
      },
      {
        "stddev": 147.00113378247576,
        "x": 96,
        "y": 37941958.333333336
      }
    ]
  }
}