{
  "inputs": [
    [
      "low-period",
      200000
    ],
    [
      "high-extra-refills",
      8
    ],
    [
      "high-budget",
      60
    ],
    [
      "timer-both",
      false
    ]
  ],
  "series": {
    "irq-bounded[Baseline]": [
      {
        "stddev": 6.6583281184793925,
        "x": null,
        "y": 38397623.666666664
      }
    ],
    "sporadic[Baseline]": [
      {
        "stddev": 12.662279942148386,
        "x": null,
        "y": 38398033.333333336
      }
    ],
    "sporadic[Interrupt]": [
      {
        "stddev": 2953.962987806945,
        "x": 12,
        "y": 37029763.333333336
      },
      {
        "stddev": 9729.069088732658,
        "x": 24,
        "y": 37047563.666666664
      },
      {
        "stddev": 7333.645500931534,
        "x": 48,
        "y": 37105712.333333336
      },
      {
        "stddev": 4256.590341262985,
        "x": 96,
        "y": 37671386.333333336
      }
    ]
  }
}