{
  "inputs": [
    [
      "high-extra-refills",
      8
    ],
    [
      "high-budget",
      240
    ],
    [
      "low-period",
      25000
    ],
    [
      "timer-both",
      true
    ]
  ],
  "series": {
    "sporadic/[Interrupt]": [
      {
        "stddev": 62.324420040088086,
        "x": 83333.33333333333,
        "y": 85600.33333333333
      },
      {
        "stddev": 11.718930554164631,
        "x": 41666.666666666664,
        "y": 44664.333333333336
      },
      {
        "stddev": 5.5677643628300215,
        "x": 20833.333333333332,
        "y": 17668
      },
      {
        "stddev": 4.0,
        "x": 10416.666666666666,
        "y": 8930
      }
    ]
  }
}