{
  "inputs": [
    [
      "high-extra-refills",
      8
    ],
    [
      "high-budget",
      240
    ],
    [
      "low-period",
      25000
    ],
    [
      "timer-both",
      false
    ]
  ],
  "series": {
    "sporadic/[Interrupt]": [
      {
        "stddev": 19.42506971244462,
        "x": 83333.33333333333,
        "y": 145447.66666666666
      },
      {
        "stddev": 30.347981810987037,
        "x": 41666.666666666664,
        "y": 81137
      },
      {
        "stddev": 3.0,
        "x": 20833.333333333332,
        "y": 43151
      },
      {
        "stddev": 0.5773502691896257,
        "x": 10416.666666666666,
        "y": 22401.333333333332
      }
    ]
  }
}