{
  "inputs": [
    [
      "low-period",
      12500
    ],
    [
      "high-extra-refills",
      8
    ],
    [
      "high-budget",
      60
    ],
    [
      "timer-both",
      false
    ]
  ],
  "series": {
    "irq-bounded/[Baseline]": [
      {
        "stddev": 0.0,
        "x": null,
        "y": 83319
      }
    ],
    "sporadic/[Baseline]": [
      {
        "stddev": 0.0,
        "x": null,
        "y": 83319
      }
    ],
    "sporadic/[Interrupt]": [
      {
        "stddev": 14.6401275039985,
        "x": 83333.33333333333,
        "y": 83296.66666666667
      },
      {
        "stddev": 5.0,
        "x": 41666.666666666664,
        "y": 83291
      },
      {
        "stddev": 2.5166114784235836,
        "x": 20833.333333333332,
        "y": 83284.66666666667
      },
      {
        "stddev": 6.928203230275509,
        "x": 10416.666666666666,
        "y": 83309
      }
    ]
  }
}