{
  "inputs": [
    [
      "low-period",
      12500
    ],
    [
      "high-extra-refills",
      8
    ],
    [
      "high-budget",
      60
    ],
    [
      "timer-both",
      true
    ]
  ],
  "series": {
    "irq-bounded/[Baseline]": [
      {
        "stddev": 0.0,
        "x": null,
        "y": 83319
      }
    ],
    "sporadic/[Baseline]": [
      {
        "stddev": 0.0,
        "x": null,
        "y": 83319
      }
    ],
    "sporadic/[Interrupt]": [
      {
        "stddev": 12.662279942148386,
        "x": 83333.33333333333,
        "y": 83283.66666666667
      },
      {
        "stddev": 3.605551275463989,
        "x": 41666.666666666664,
        "y": 83284
      },
      {
        "stddev": 2.081665999466133,
        "x": 20833.333333333332,
        "y": 83306.33333333333
      },
      {
        "stddev": 0.0,
        "x": 10416.666666666666,
        "y": 83314
      }
    ]
  }
}