{
  "inputs": [
    [
      "low-period",
      25000
    ],
    [
      "high-extra-refills",
      8
    ],
    [
      "high-budget",
      60
    ],
    [
      "timer-both",
      false
    ]
  ],
  "series": {
    "irq-bounded/[Baseline]": [
      {
        "stddev": 0.0,
        "x": null,
        "y": 83319
      }
    ],
    "sporadic/[Baseline]": [
      {
        "stddev": 0.0,
        "x": null,
        "y": 83319
      }
    ],
    "sporadic/[Interrupt]": [
      {
        "stddev": 13.868429375143148,
        "x": 83333.33333333333,
        "y": 83303.33333333333
      },
      {
        "stddev": 3.605551275463989,
        "x": 41666.666666666664,
        "y": 83310
      },
      {
        "stddev": 4.041451884327381,
        "x": 20833.333333333332,
        "y": 83307.33333333333
      },
      {
        "stddev": 5.507570547286102,
        "x": 10416.666666666666,
        "y": 83309.33333333333
      }
    ]
  }
}