{
  "inputs": [
    [
      "low-period",
      25000
    ],
    [
      "high-extra-refills",
      8
    ],
    [
      "high-budget",
      60
    ],
    [
      "timer-both",
      true
    ]
  ],
  "series": {
    "irq-bounded/[Baseline]": [
      {
        "stddev": 0.0,
        "x": null,
        "y": 83319
      }
    ],
    "sporadic/[Baseline]": [
      {
        "stddev": 0.0,
        "x": null,
        "y": 83319
      }
    ],
    "sporadic/[Interrupt]": [
      {
        "stddev": 6.928203230275509,
        "x": 83333.33333333333,
        "y": 83311
      },
      {
        "stddev": 1.7320508075688772,
        "x": 41666.666666666664,
        "y": 83300
      },
      {
        "stddev": 0.5773502691896257,
        "x": 20833.333333333332,
        "y": 83308.33333333333
      },
      {
        "stddev": 0.0,
        "x": 10416.666666666666,
        "y": 83317
      }
    ]
  }
}