{
  "inputs": [
    [
      "high-extra-refills",
      8
    ],
    [
      "high-budget",
      120
    ],
    [
      "low-period",
      200000
    ],
    [
      "timer-both",
      false
    ]
  ],
  "series": {
    "sporadic/[Interrupt]": [
      {
        "stddev": 33.08070938376826,
        "x": 83333.33333333333,
        "y": 99561.66666666667
      },
      {
        "stddev": 4.618802153517006,
        "x": 41666.666666666664,
        "y": 81091.66666666667
      },
      {
        "stddev": 16.522711641858304,
        "x": 20833.333333333332,
        "y": 43087
      },
      {
        "stddev": 4.163331998932266,
        "x": 10416.666666666666,
        "y": 22339.333333333332
      }
    ]
  }
}