{
  "inputs": [
    [
      "high-extra-refills",
      8
    ],
    [
      "high-budget",
      120
    ],
    [
      "low-period",
      200000
    ],
    [
      "timer-both",
      true
    ]
  ],
  "series": {
    "sporadic/[Interrupt]": [
      {
        "stddev": 260.743168654521,
        "x": 83333.33333333333,
        "y": 66412
      },
      {
        "stddev": 3.0,
        "x": 41666.666666666664,
        "y": 44561
      },
      {
        "stddev": 9.073771725877465,
        "x": 20833.333333333332,
        "y": 17691.333333333332
      },
      {
        "stddev": 2.6457513110645907,
        "x": 10416.666666666666,
        "y": 8934
      }
    ]
  }
}