{
  "inputs": [
    [
      "high-extra-refills",
      8
    ],
    [
      "high-budget",
      240
    ],
    [
      "low-period",
      50000
    ],
    [
      "timer-both",
      true
    ]
  ],
  "series": {
    "sporadic/[Interrupt]": [
      {
        "stddev": 62.21736092120912,
        "x": 83333.33333333333,
        "y": 85578
      },
      {
        "stddev": 13.051181300301263,
        "x": 41666.666666666664,
        "y": 44655.666666666664
      },
      {
        "stddev": 52.306787322488084,
        "x": 20833.333333333332,
        "y": 17643
      },
      {
        "stddev": 6.244997998398398,
        "x": 10416.666666666666,
        "y": 8930
      }
    ]
  }
}