{
  "inputs": [
    [
      "high-extra-refills",
      8
    ],
    [
      "high-budget",
      240
    ],
    [
      "low-period",
      50000
    ],
    [
      "timer-both",
      false
    ]
  ],
  "series": {
    "sporadic/[Interrupt]": [
      {
        "stddev": 17.897858344878397,
        "x": 83333.33333333333,
        "y": 145467.66666666666
      },
      {
        "stddev": 4.0,
        "x": 41666.666666666664,
        "y": 81120
      },
      {
        "stddev": 6.110100926607787,
        "x": 20833.333333333332,
        "y": 43149.666666666664
      },
      {
        "stddev": 4.725815626252608,
        "x": 10416.666666666666,
        "y": 22396.333333333332
      }
    ]
  }
}