{
  "inputs": [
    [
      "high-extra-refills",
      8
    ],
    [
      "high-budget",
      240
    ],
    [
      "low-period",
      25000
    ],
    [
      "timer-both",
      false
    ]
  ],
  "series": {
    "sporadic/[Interrupt]": [
      {
        "stddev": 13.650396819628847,
        "x": 83333.33333333333,
        "y": 99259.33333333333
      },
      {
        "stddev": 5.686240703077327,
        "x": 41666.666666666664,
        "y": 55311.666666666664
      },
      {
        "stddev": 6.244997998398398,
        "x": 20833.333333333332,
        "y": 29329
      },
      {
        "stddev": 2.5166114784235836,
        "x": 10416.666666666666,
        "y": 15125.666666666666
      }
    ]
  }
}