{
  "inputs": [
    [
      "low-period",
      25000
    ],
    [
      "high-extra-refills",
      8
    ],
    [
      "high-budget",
      60
    ],
    [
      "timer-both",
      true
    ]
  ],
  "series": {
    "irq-bounded[Baseline]": [
      {
        "stddev": 29.50141239556732,
        "x": null,
        "y": 31984802.333333332
      }
    ],
    "sporadic[Baseline]": [
      {
        "stddev": 21.361959960016154,
        "x": null,
        "y": 31990209.666666668
      }
    ],
    "sporadic[Interrupt]": [
      {
        "stddev": 23189.882542465224,
        "x": 12,
        "y": 30637759.666666668
      },
      {
        "stddev": 6475.725853781438,
        "x": 24,
        "y": 30447233.666666668
      },
      {
        "stddev": 806.1329501597943,
        "x": 48,
        "y": 31225200.666666668
      },
      {
        "stddev": 771.3380149670658,
        "x": 96,
        "y": 31611611.333333332
      }
    ]
  }
}