{
  "inputs": [
    [
      "low-period",
      25000
    ],
    [
      "high-extra-refills",
      8
    ],
    [
      "high-budget",
      60
    ],
    [
      "timer-both",
      false
    ]
  ],
  "series": {
    "irq-bounded[Baseline]": [
      {
        "stddev": 29.50141239556732,
        "x": null,
        "y": 31984802.333333332
      }
    ],
    "sporadic[Baseline]": [
      {
        "stddev": 21.361959960016154,
        "x": null,
        "y": 31990209.666666668
      }
    ],
    "sporadic[Interrupt]": [
      {
        "stddev": 3283.9111335925845,
        "x": 12,
        "y": 30855694.666666668
      },
      {
        "stddev": 9598.867085929116,
        "x": 24,
        "y": 30876429.666666668
      },
      {
        "stddev": 8923.554019186153,
        "x": 48,
        "y": 30920445.666666668
      },
      {
        "stddev": 2272.4304903194143,
        "x": 96,
        "y": 31384796.666666668
      }
    ]
  }
}