{
  "inputs": [
    [
      "high-extra-refills",
      8
    ],
    [
      "high-budget",
      120
    ],
    [
      "low-period",
      50000
    ],
    [
      "timer-both",
      false
    ]
  ],
  "series": {
    "sporadic/[Interrupt]": [
      {
        "stddev": 33.6501609703926,
        "x": 83333.33333333333,
        "y": 99536.33333333333
      },
      {
        "stddev": 33.291640592396966,
        "x": 41666.666666666664,
        "y": 81028.33333333333
      },
      {
        "stddev": 9.237604307034012,
        "x": 20833.333333333332,
        "y": 43054.666666666664
      },
      {
        "stddev": 2.6457513110645907,
        "x": 10416.666666666666,
        "y": 22326
      }
    ]
  }
}