{
  "inputs": [
    [
      "high-extra-refills",
      8
    ],
    [
      "high-budget",
      120
    ],
    [
      "low-period",
      50000
    ],
    [
      "timer-both",
      true
    ]
  ],
  "series": {
    "sporadic/[Interrupt]": [
      {
        "stddev": 36.49657518178932,
        "x": 83333.33333333333,
        "y": 66438
      },
      {
        "stddev": 17.03917055884274,
        "x": 41666.666666666664,
        "y": 44581.666666666664
      },
      {
        "stddev": 17.69180601295413,
        "x": 20833.333333333332,
        "y": 17664
      },
      {
        "stddev": 13.45362404707371,
        "x": 10416.666666666666,
        "y": 8920
      }
    ]
  }
}