{
  "inputs": [
    [
      "low-period",
      50000
    ],
    [
      "high-extra-refills",
      8
    ],
    [
      "high-budget",
      120
    ],
    [
      "timer-both",
      false
    ]
  ],
  "series": {
    "irq-bounded/[Baseline]": [
      {
        "stddev": 0.0,
        "x": null,
        "y": 83322
      }
    ],
    "sporadic/[Baseline]": [
      {
        "stddev": 0.0,
        "x": null,
        "y": 83322
      }
    ],
    "sporadic/[Interrupt]": [
      {
        "stddev": 6.0,
        "x": 83333.33333333333,
        "y": 83305
      },
      {
        "stddev": 1.7320508075688772,
        "x": 41666.666666666664,
        "y": 83303
      },
      {
        "stddev": 2.886751345948129,
        "x": 20833.333333333332,
        "y": 83313.33333333333
      },
      {
        "stddev": 5.507570547286102,
        "x": 10416.666666666666,
        "y": 83319.66666666667
      }
    ]
  }
}