{
  "inputs": [
    [
      "high-extra-refills",
      8
    ],
    [
      "high-budget",
      60
    ],
    [
      "low-period",
      50000
    ],
    [
      "timer-both",
      false
    ]
  ],
  "series": {
    "sporadic/[Interrupt]": [
      {
        "stddev": 11.015141094572204,
        "x": 83333.33333333333,
        "y": 25754.666666666668
      },
      {
        "stddev": 18.610033136277146,
        "x": 41666.666666666664,
        "y": 25538.333333333332
      },
      {
        "stddev": 18.35755975068582,
        "x": 20833.333333333332,
        "y": 24694
      },
      {
        "stddev": 2.309401076758503,
        "x": 10416.666666666666,
        "y": 15128.333333333334
      }
    ]
  }
}