{
  "inputs": [
    [
      "high-extra-refills",
      8
    ],
    [
      "high-budget",
      60
    ],
    [
      "low-period",
      50000
    ],
    [
      "timer-both",
      true
    ]
  ],
  "series": {
    "sporadic/[Interrupt]": [
      {
        "stddev": 31.533051443419385,
        "x": 83333.33333333333,
        "y": 19142.666666666668
      },
      {
        "stddev": 3.605551275463989,
        "x": 41666.666666666664,
        "y": 19984
      },
      {
        "stddev": 0.0,
        "x": 20833.333333333332,
        "y": 10203
      },
      {
        "stddev": 0.0,
        "x": 10416.666666666666,
        "y": 5154
      }
    ]
  }
}