{
  "inputs": [
    [
      "high-extra-refills",
      8
    ],
    [
      "high-budget",
      120
    ],
    [
      "low-period",
      12500
    ],
    [
      "timer-both",
      true
    ]
  ],
  "series": {
    "sporadic/[Interrupt]": [
      {
        "stddev": 84.04165633779478,
        "x": 83333.33333333333,
        "y": 66405
      },
      {
        "stddev": 10.392304845413264,
        "x": 41666.666666666664,
        "y": 44598
      },
      {
        "stddev": 16.3707055437449,
        "x": 20833.333333333332,
        "y": 17689
      },
      {
        "stddev": 13.650396819628847,
        "x": 10416.666666666666,
        "y": 8917.333333333334
      }
    ]
  }
}