{
  "inputs": [
    [
      "high-extra-refills",
      8
    ],
    [
      "high-budget",
      120
    ],
    [
      "low-period",
      12500
    ],
    [
      "timer-both",
      false
    ]
  ],
  "series": {
    "sporadic/[Interrupt]": [
      {
        "stddev": 38.93584466786357,
        "x": 83333.33333333333,
        "y": 99500
      },
      {
        "stddev": 38.37099599089569,
        "x": 41666.666666666664,
        "y": 81070.66666666667
      },
      {
        "stddev": 4.932882862316247,
        "x": 20833.333333333332,
        "y": 43060.333333333336
      },
      {
        "stddev": 1.7320508075688772,
        "x": 10416.666666666666,
        "y": 22339
      }
    ]
  }
}