{
  "inputs": [
    [
      "high-extra-refills",
      8
    ],
    [
      "high-budget",
      240
    ],
    [
      "low-period",
      100000
    ],
    [
      "timer-both",
      false
    ]
  ],
  "series": {
    "sporadic/[Interrupt]": [
      {
        "stddev": 47.226405043506475,
        "x": 83333.33333333333,
        "y": 145402.66666666666
      },
      {
        "stddev": 32.34707611722168,
        "x": 41666.666666666664,
        "y": 81144.66666666667
      },
      {
        "stddev": 10.214368964029708,
        "x": 20833.333333333332,
        "y": 43166.333333333336
      },
      {
        "stddev": 3.2145502536643185,
        "x": 10416.666666666666,
        "y": 22393.666666666668
      }
    ]
  }
}