{
  "inputs": [
    [
      "high-extra-refills",
      8
    ],
    [
      "high-budget",
      240
    ],
    [
      "low-period",
      100000
    ],
    [
      "timer-both",
      true
    ]
  ],
  "series": {
    "sporadic/[Interrupt]": [
      {
        "stddev": 85.07055894961546,
        "x": 83333.33333333333,
        "y": 85467
      },
      {
        "stddev": 33.724372986511305,
        "x": 41666.666666666664,
        "y": 44599.666666666664
      },
      {
        "stddev": 4.041451884327381,
        "x": 20833.333333333332,
        "y": 17665.333333333332
      },
      {
        "stddev": 2.5166114784235836,
        "x": 10416.666666666666,
        "y": 8925.666666666666
      }
    ]
  }
}