{
  "inputs": [
    [
      "low-period",
      200000
    ],
    [
      "high-extra-refills",
      8
    ],
    [
      "high-budget",
      120
    ],
    [
      "timer-both",
      true
    ]
  ],
  "series": {
    "irq-bounded[Baseline]": [
      {
        "stddev": 6.6583281184793925,
        "x": null,
        "y": 38397623.666666664
      }
    ],
    "sporadic[Baseline]": [
      {
        "stddev": 12.662279942148386,
        "x": null,
        "y": 38398033.333333336
      }
    ],
    "sporadic[Interrupt]": [
      {
        "stddev": 21848.841532981405,
        "x": 12,
        "y": 34564058.333333336
      },
      {
        "stddev": 3847.123644144198,
        "x": 24,
        "y": 37382480.333333336
      },
      {
        "stddev": 3697.6176564557527,
        "x": 48,
        "y": 37471472.333333336
      },
      {
        "stddev": 798.4512091125753,
        "x": 96,
        "y": 37941982.333333336
      }
    ]
  }
}