{
  "inputs": [
    [
      "low-period",
      200000
    ],
    [
      "high-extra-refills",
      8
    ],
    [
      "high-budget",
      120
    ],
    [
      "timer-both",
      false
    ]
  ],
  "series": {
    "irq-bounded[Baseline]": [
      {
        "stddev": 6.6583281184793925,
        "x": null,
        "y": 38397623.666666664
      }
    ],
    "sporadic[Baseline]": [
      {
        "stddev": 12.662279942148386,
        "x": null,
        "y": 38398033.333333336
      }
    ],
    "sporadic[Interrupt]": [
      {
        "stddev": 10016.621735894792,
        "x": 12,
        "y": 34669197
      },
      {
        "stddev": 12554.279204053626,
        "x": 24,
        "y": 35394551.333333336
      },
      {
        "stddev": 9206.673069029875,
        "x": 48,
        "y": 36928326
      },
      {
        "stddev": 4082.2502373078505,
        "x": 96,
        "y": 37667795
      }
    ]
  }
}