{
  "inputs": [
    [
      "high-extra-refills",
      8
    ],
    [
      "high-budget",
      120
    ],
    [
      "low-period",
      25000
    ],
    [
      "timer-both",
      false
    ]
  ],
  "series": {
    "sporadic/[Interrupt]": [
      {
        "stddev": 66.3023378170031,
        "x": 83333.33333333333,
        "y": 65692
      },
      {
        "stddev": 6.8068592855540455,
        "x": 41666.666666666664,
        "y": 55301.666666666664
      },
      {
        "stddev": 4.041451884327381,
        "x": 20833.333333333332,
        "y": 29344.666666666668
      },
      {
        "stddev": 1.0,
        "x": 10416.666666666666,
        "y": 15128
      }
    ]
  }
}