{
  "inputs": [
    [
      "high-extra-refills",
      8
    ],
    [
      "high-budget",
      240
    ],
    [
      "low-period",
      12500
    ],
    [
      "timer-both",
      true
    ]
  ],
  "series": {
    "sporadic/[Interrupt]": [
      {
        "stddev": 42.770706486254504,
        "x": 83333.33333333333,
        "y": 85624.66666666667
      },
      {
        "stddev": 4.0,
        "x": 41666.666666666664,
        "y": 44700
      },
      {
        "stddev": 30.23794525647094,
        "x": 20833.333333333332,
        "y": 17663.333333333332
      },
      {
        "stddev": 4.041451884327381,
        "x": 10416.666666666666,
        "y": 8926.333333333334
      }
    ]
  }
}