{
  "inputs": [
    [
      "high-extra-refills",
      8
    ],
    [
      "high-budget",
      240
    ],
    [
      "low-period",
      12500
    ],
    [
      "timer-both",
      false
    ]
  ],
  "series": {
    "sporadic/[Interrupt]": [
      {
        "stddev": 39.10669166949991,
        "x": 83333.33333333333,
        "y": 145444.66666666666
      },
      {
        "stddev": 28.095076674273972,
        "x": 41666.666666666664,
        "y": 81128.66666666667
      },
      {
        "stddev": 5.291502622129181,
        "x": 20833.333333333332,
        "y": 43171
      },
      {
        "stddev": 1.0,
        "x": 10416.666666666666,
        "y": 22406
      }
    ]
  }
}