{
  "inputs": [
    [
      "low-period",
      12500
    ],
    [
      "high-extra-refills",
      8
    ],
    [
      "high-budget",
      120
    ],
    [
      "timer-both",
      true
    ]
  ],
  "series": {
    "irq-bounded[Baseline]": [
      {
        "stddev": 129.6469565139627,
        "x": null,
        "y": 31974815.333333332
      }
    ],
    "sporadic[Baseline]": [
      {
        "stddev": 81.77000264970849,
        "x": null,
        "y": 31986057.666666668
      }
    ],
    "sporadic[Interrupt]": [
      {
        "stddev": 7233.953759874333,
        "x": 12,
        "y": 28776048
      },
      {
        "stddev": 5226.016105345766,
        "x": 24,
        "y": 31134492.666666668
      },
      {
        "stddev": 1125.2574520230173,
        "x": 48,
        "y": 31220983.666666668
      },
      {
        "stddev": 210.08887008438435,
        "x": 96,
        "y": 31607406.333333332
      }
    ]
  }
}