{
  "inputs": [
    [
      "low-period",
      12500
    ],
    [
      "high-extra-refills",
      8
    ],
    [
      "high-budget",
      120
    ],
    [
      "timer-both",
      false
    ]
  ],
  "series": {
    "irq-bounded[Baseline]": [
      {
        "stddev": 129.6469565139627,
        "x": null,
        "y": 31974815.333333332
      }
    ],
    "sporadic[Baseline]": [
      {
        "stddev": 81.77000264970849,
        "x": null,
        "y": 31986057.666666668
      }
    ],
    "sporadic[Interrupt]": [
      {
        "stddev": 4038.798996401447,
        "x": 12,
        "y": 28856133.333333332
      },
      {
        "stddev": 947.0649396952672,
        "x": 24,
        "y": 29466980
      },
      {
        "stddev": 1667.267624988062,
        "x": 48,
        "y": 30753428.333333332
      },
      {
        "stddev": 1307.3990719490866,
        "x": 96,
        "y": 31380176.333333332
      }
    ]
  }
}