{
  "inputs": [
    [
      "low-period",
      50000
    ],
    [
      "high-extra-refills",
      8
    ],
    [
      "high-budget",
      60
    ],
    [
      "timer-both",
      false
    ]
  ],
  "series": {
    "irq-bounded[Baseline]": [
      {
        "stddev": 11.590225767142474,
        "x": null,
        "y": 31991118.333333332
      }
    ],
    "sporadic[Baseline]": [
      {
        "stddev": 13.051181300301263,
        "x": null,
        "y": 31993545.666666668
      }
    ],
    "sporadic[Interrupt]": [
      {
        "stddev": 3649.9152501576436,
        "x": 12,
        "y": 30865269.666666668
      },
      {
        "stddev": 7893.536744282206,
        "x": 24,
        "y": 30879270.666666668
      },
      {
        "stddev": 7666.406524571991,
        "x": 48,
        "y": 30930381
      },
      {
        "stddev": 2104.839740534498,
        "x": 96,
        "y": 31393607.333333332
      }
    ]
  }
}