{
  "inputs": [
    [
      "low-period",
      50000
    ],
    [
      "high-extra-refills",
      8
    ],
    [
      "high-budget",
      60
    ],
    [
      "timer-both",
      true
    ]
  ],
  "series": {
    "irq-bounded[Baseline]": [
      {
        "stddev": 11.590225767142474,
        "x": null,
        "y": 31991118.333333332
      }
    ],
    "sporadic[Baseline]": [
      {
        "stddev": 13.051181300301263,
        "x": null,
        "y": 31993545.666666668
      }
    ],
    "sporadic[Interrupt]": [
      {
        "stddev": 7733.626122330973,
        "x": 12,
        "y": 30631682
      },
      {
        "stddev": 8261.51053581204,
        "x": 24,
        "y": 30460904.666666668
      },
      {
        "stddev": 247.08770372750914,
        "x": 48,
        "y": 31228570.333333332
      },
      {
        "stddev": 964.5708890485965,
        "x": 96,
        "y": 31617685
      }
    ]
  }
}