{
  "inputs": [
    [
      "high-extra-refills",
      8
    ],
    [
      "high-budget",
      120
    ],
    [
      "low-period",
      12500
    ],
    [
      "timer-both",
      false
    ]
  ],
  "series": {
    "sporadic/[Interrupt]": [
      {
        "stddev": 16.072751268321593,
        "x": 83333.33333333333,
        "y": 65695.66666666667
      },
      {
        "stddev": 2.6457513110645907,
        "x": 41666.666666666664,
        "y": 55287
      },
      {
        "stddev": 1.7320508075688772,
        "x": 20833.333333333332,
        "y": 29336
      },
      {
        "stddev": 0.0,
        "x": 10416.666666666666,
        "y": 15128
      }
    ]
  }
}