{
  "inputs": [
    [
      "low-period",
      100000
    ],
    [
      "high-extra-refills",
      8
    ],
    [
      "high-budget",
      60
    ],
    [
      "timer-both",
      true
    ]
  ],
  "series": {
    "irq-bounded/[Baseline]": [
      {
        "stddev": 0.0,
        "x": null,
        "y": 83326
      }
    ],
    "sporadic/[Baseline]": [
      {
        "stddev": 0.0,
        "x": null,
        "y": 83326
      }
    ],
    "sporadic/[Interrupt]": [
      {
        "stddev": 1.7320508075688772,
        "x": 83333.33333333333,
        "y": 83317
      },
      {
        "stddev": 2.5166114784235836,
        "x": 41666.666666666664,
        "y": 83322.66666666667
      },
      {
        "stddev": 0.0,
        "x": 20833.333333333332,
        "y": 83321
      },
      {
        "stddev": 0.0,
        "x": 10416.666666666666,
        "y": 83329
      }
    ]
  }
}