{
  "inputs": [
    [
      "low-period",
      100000
    ],
    [
      "high-extra-refills",
      8
    ],
    [
      "high-budget",
      60
    ],
    [
      "timer-both",
      false
    ]
  ],
  "series": {
    "irq-bounded/[Baseline]": [
      {
        "stddev": 0.0,
        "x": null,
        "y": 83326
      }
    ],
    "sporadic/[Baseline]": [
      {
        "stddev": 0.0,
        "x": null,
        "y": 83326
      }
    ],
    "sporadic/[Interrupt]": [
      {
        "stddev": 5.773502691896257,
        "x": 83333.33333333333,
        "y": 83325.66666666667
      },
      {
        "stddev": 3.5118845842842465,
        "x": 41666.666666666664,
        "y": 83325.33333333333
      },
      {
        "stddev": 5.5677643628300215,
        "x": 20833.333333333332,
        "y": 83323
      },
      {
        "stddev": 3.4641016151377544,
        "x": 10416.666666666666,
        "y": 83325
      }
    ]
  }
}