{
  "inputs": [
    [
      "high-extra-refills",
      8
    ],
    [
      "high-budget",
      240
    ],
    [
      "low-period",
      50000
    ],
    [
      "timer-both",
      false
    ]
  ],
  "series": {
    "sporadic/[Interrupt]": [
      {
        "stddev": 24.24871130596428,
        "x": 83333.33333333333,
        "y": 99292
      },
      {
        "stddev": 9.50438495292217,
        "x": 41666.666666666664,
        "y": 55314.333333333336
      },
      {
        "stddev": 9.0,
        "x": 20833.333333333332,
        "y": 29328
      },
      {
        "stddev": 3.5118845842842465,
        "x": 10416.666666666666,
        "y": 15124.666666666666
      }
    ]
  }
}