{
  "inputs": [
    [
      "high-extra-refills",
      8
    ],
    [
      "high-budget",
      120
    ],
    [
      "low-period",
      100000
    ],
    [
      "timer-both",
      false
    ]
  ],
  "series": {
    "sporadic/[Interrupt]": [
      {
        "stddev": 8.54400374531753,
        "x": 83333.33333333333,
        "y": 65741
      },
      {
        "stddev": 7.810249675906654,
        "x": 41666.666666666664,
        "y": 55308
      },
      {
        "stddev": 10.535653752852738,
        "x": 20833.333333333332,
        "y": 29330
      },
      {
        "stddev": 1.7320508075688772,
        "x": 10416.666666666666,
        "y": 15130
      }
    ]
  }
}