{
  "inputs": [
    [
      "high-extra-refills",
      8
    ],
    [
      "high-budget",
      240
    ],
    [
      "low-period",
      200000
    ],
    [
      "timer-both",
      false
    ]
  ],
  "series": {
    "sporadic/[Interrupt]": [
      {
        "stddev": 30.89228598426043,
        "x": 83333.33333333333,
        "y": 99267.33333333333
      },
      {
        "stddev": 30.105370506494904,
        "x": 41666.666666666664,
        "y": 55316.333333333336
      },
      {
        "stddev": 14.468356276140469,
        "x": 20833.333333333332,
        "y": 29331.666666666668
      },
      {
        "stddev": 4.358898943540674,
        "x": 10416.666666666666,
        "y": 15127
      }
    ]
  }
}