{
  "inputs": [
    [
      "high-extra-refills",
      8
    ],
    [
      "high-budget",
      60
    ],
    [
      "low-period",
      100000
    ],
    [
      "timer-both",
      false
    ]
  ],
  "series": {
    "sporadic/[Interrupt]": [
      {
        "stddev": 15.874507866387544,
        "x": 83333.33333333333,
        "y": 41312
      },
      {
        "stddev": 8.504900548115382,
        "x": 41666.666666666664,
        "y": 40569.666666666664
      },
      {
        "stddev": 41.76521678781679,
        "x": 20833.333333333332,
        "y": 38591.333333333336
      },
      {
        "stddev": 3.5118845842842465,
        "x": 10416.666666666666,
        "y": 22295.333333333332
      }
    ]
  }
}