{
  "inputs": [
    [
      "high-extra-refills",
      8
    ],
    [
      "high-budget",
      60
    ],
    [
      "low-period",
      100000
    ],
    [
      "timer-both",
      true
    ]
  ],
  "series": {
    "sporadic/[Interrupt]": [
      {
        "stddev": 46.068789145508624,
        "x": 83333.33333333333,
        "y": 41160.333333333336
      },
      {
        "stddev": 55.50675634551167,
        "x": 41666.666666666664,
        "y": 34437
      },
      {
        "stddev": 12.503332889007368,
        "x": 20833.333333333332,
        "y": 17632.333333333332
      },
      {
        "stddev": 14.294521094927712,
        "x": 10416.666666666666,
        "y": 8922.666666666666
      }
    ]
  }
}