{
  "inputs": [
    [
      "low-period",
      100000
    ],
    [
      "high-extra-refills",
      8
    ],
    [
      "high-budget",
      120
    ],
    [
      "timer-both",
      false
    ]
  ],
  "series": {
    "irq-bounded/[Baseline]": [
      {
        "stddev": 0.0,
        "x": null,
        "y": 83326
      }
    ],
    "sporadic/[Baseline]": [
      {
        "stddev": 0.0,
        "x": null,
        "y": 83326
      }
    ],
    "sporadic/[Interrupt]": [
      {
        "stddev": 9.451631252505216,
        "x": 83333.33333333333,
        "y": 83318.66666666667
      },
      {
        "stddev": 2.0,
        "x": 41666.666666666664,
        "y": 83316
      },
      {
        "stddev": 3.0550504633038935,
        "x": 20833.333333333332,
        "y": 83321.33333333333
      },
      {
        "stddev": 3.0,
        "x": 10416.666666666666,
        "y": 83323
      }
    ]
  }
}