{
  "inputs": [
    [
      "low-period",
      100000
    ],
    [
      "high-extra-refills",
      8
    ],
    [
      "high-budget",
      120
    ],
    [
      "timer-both",
      true
    ]
  ],
  "series": {
    "irq-bounded/[Baseline]": [
      {
        "stddev": 0.0,
        "x": null,
        "y": 83326
      }
    ],
    "sporadic/[Baseline]": [
      {
        "stddev": 0.0,
        "x": null,
        "y": 83326
      }
    ],
    "sporadic/[Interrupt]": [
      {
        "stddev": 1.1547005383792515,
        "x": 83333.33333333333,
        "y": 83315.33333333333
      },
      {
        "stddev": 3.2145502536643185,
        "x": 41666.666666666664,
        "y": 83327.66666666667
      },
      {
        "stddev": 0.0,
        "x": 20833.333333333332,
        "y": 83321
      },
      {
        "stddev": 5.196152422706632,
        "x": 10416.666666666666,
        "y": 83326
      }
    ]
  }
}