{
  "inputs": [
    [
      "low-period",
      50000
    ],
    [
      "high-extra-refills",
      8
    ],
    [
      "high-budget",
      240
    ],
    [
      "timer-both",
      false
    ]
  ],
  "series": {
    "irq-bounded/[Baseline]": [
      {
        "stddev": 0.0,
        "x": null,
        "y": 83322
      }
    ],
    "sporadic/[Baseline]": [
      {
        "stddev": 0.0,
        "x": null,
        "y": 83322
      }
    ],
    "sporadic/[Interrupt]": [
      {
        "stddev": 2.081665999466133,
        "x": 83333.33333333333,
        "y": 83274.66666666667
      },
      {
        "stddev": 3.2145502536643185,
        "x": 41666.666666666664,
        "y": 83301.33333333333
      },
      {
        "stddev": 0.5773502691896257,
        "x": 20833.333333333332,
        "y": 83317.66666666667
      },
      {
        "stddev": 4.041451884327381,
        "x": 10416.666666666666,
        "y": 83325.33333333333
      }
    ]
  }
}