{
  "inputs": [
    [
      "low-period",
      12500
    ],
    [
      "high-extra-refills",
      8
    ],
    [
      "high-budget",
      240
    ],
    [
      "timer-both",
      false
    ]
  ],
  "series": {
    "irq-bounded/[Baseline]": [
      {
        "stddev": 0.0,
        "x": null,
        "y": 83319
      }
    ],
    "sporadic/[Baseline]": [
      {
        "stddev": 0.0,
        "x": null,
        "y": 83319
      }
    ],
    "sporadic/[Interrupt]": [
      {
        "stddev": 3.0550504633038935,
        "x": 83333.33333333333,
        "y": 83105.33333333333
      },
      {
        "stddev": 4.932882862316247,
        "x": 41666.666666666664,
        "y": 83214.66666666667
      },
      {
        "stddev": 3.0550504633038935,
        "x": 20833.333333333332,
        "y": 83279.33333333333
      },
      {
        "stddev": 4.041451884327381,
        "x": 10416.666666666666,
        "y": 83308.33333333333
      }
    ]
  }
}