{
  "inputs": [
    [
      "low-period",
      50000
    ],
    [
      "high-extra-refills",
      8
    ],
    [
      "high-budget",
      240
    ],
    [
      "timer-both",
      true
    ]
  ],
  "series": {
    "irq-bounded[Baseline]": [
      {
        "stddev": 11.590225767142474,
        "x": null,
        "y": 31991118.333333332
      }
    ],
    "sporadic[Baseline]": [
      {
        "stddev": 13.051181300301263,
        "x": null,
        "y": 31993545.666666668
      }
    ],
    "sporadic[Interrupt]": [
      {
        "stddev": 3535.761634122602,
        "x": 12,
        "y": 30209309.333333332
      },
      {
        "stddev": 4500.818036757319,
        "x": 24,
        "y": 31152587
      },
      {
        "stddev": 275.8085084498543,
        "x": 48,
        "y": 31229163.333333332
      },
      {
        "stddev": 462.2567828959715,
        "x": 96,
        "y": 31617953.333333332
      }
    ]
  }
}