{
  "inputs": [
    [
      "low-period",
      50000
    ],
    [
      "high-extra-refills",
      8
    ],
    [
      "high-budget",
      240
    ],
    [
      "timer-both",
      false
    ]
  ],
  "series": {
    "irq-bounded[Baseline]": [
      {
        "stddev": 11.590225767142474,
        "x": null,
        "y": 31991118.333333332
      }
    ],
    "sporadic[Baseline]": [
      {
        "stddev": 13.051181300301263,
        "x": null,
        "y": 31993545.666666668
      }
    ],
    "sporadic[Interrupt]": [
      {
        "stddev": 13924.531817383782,
        "x": 12,
        "y": 26675992.666666668
      },
      {
        "stddev": 7505.865528593843,
        "x": 24,
        "y": 29488556.666666668
      },
      {
        "stddev": 3323.7029550387524,
        "x": 48,
        "y": 30775011.333333332
      },
      {
        "stddev": 754.9810152138485,
        "x": 96,
        "y": 31395098.666666668
      }
    ]
  }
}