{
  "inputs": [
    [
      "low-period",
      200000
    ],
    [
      "high-extra-refills",
      8
    ],
    [
      "high-budget",
      120
    ],
    [
      "timer-both",
      true
    ]
  ],
  "series": {
    "irq-bounded/[Baseline]": [
      {
        "stddev": 0.0,
        "x": null,
        "y": 99997
      }
    ],
    "sporadic/[Baseline]": [
      {
        "stddev": 0.0,
        "x": null,
        "y": 99996
      }
    ],
    "sporadic/[Interrupt]": [
      {
        "stddev": 1.5275252316519468,
        "x": 83333.33333333333,
        "y": 99947.33333333333
      },
      {
        "stddev": 9.539392014169456,
        "x": 41666.666666666664,
        "y": 99981
      },
      {
        "stddev": 2.5166114784235836,
        "x": 20833.333333333332,
        "y": 99968.33333333333
      },
      {
        "stddev": 0.5773502691896257,
        "x": 10416.666666666666,
        "y": 99989.33333333333
      }
    ]
  }
}