{
  "inputs": [
    [
      "low-period",
      200000
    ],
    [
      "high-extra-refills",
      8
    ],
    [
      "high-budget",
      120
    ],
    [
      "timer-both",
      false
    ]
  ],
  "series": {
    "irq-bounded/[Baseline]": [
      {
        "stddev": 0.0,
        "x": null,
        "y": 99997
      }
    ],
    "sporadic/[Baseline]": [
      {
        "stddev": 0.0,
        "x": null,
        "y": 99996
      }
    ],
    "sporadic/[Interrupt]": [
      {
        "stddev": 18.35755975068582,
        "x": 83333.33333333333,
        "y": 99972
      },
      {
        "stddev": 2.309401076758503,
        "x": 41666.666666666664,
        "y": 99948.66666666667
      },
      {
        "stddev": 9.073771725877465,
        "x": 20833.333333333332,
        "y": 99955.66666666667
      },
      {
        "stddev": 6.429100507328636,
        "x": 10416.666666666666,
        "y": 99978.66666666667
      }
    ]
  }
}