{
  "inputs": [
    [
      "low-period",
      12500
    ],
    [
      "high-extra-refills",
      8
    ],
    [
      "high-budget",
      240
    ],
    [
      "timer-both",
      false
    ]
  ],
  "series": {
    "irq-bounded[Baseline]": [
      {
        "stddev": 129.6469565139627,
        "x": null,
        "y": 31974815.333333332
      }
    ],
    "sporadic[Baseline]": [
      {
        "stddev": 81.77000264970849,
        "x": null,
        "y": 31986057.666666668
      }
    ],
    "sporadic[Interrupt]": [
      {
        "stddev": 3232.2972223069664,
        "x": 12,
        "y": 26625974.333333332
      },
      {
        "stddev": 2255.600215759285,
        "x": 24,
        "y": 29464296.666666668
      },
      {
        "stddev": 2589.511730037151,
        "x": 48,
        "y": 30752376
      },
      {
        "stddev": 1229.1986549509943,
        "x": 96,
        "y": 31387901.666666668
      }
    ]
  }
}