{
  "inputs": [
    [
      "low-period",
      12500
    ],
    [
      "high-extra-refills",
      8
    ],
    [
      "high-budget",
      240
    ],
    [
      "timer-both",
      true
    ]
  ],
  "series": {
    "irq-bounded[Baseline]": [
      {
        "stddev": 129.6469565139627,
        "x": null,
        "y": 31974815.333333332
      }
    ],
    "sporadic[Baseline]": [
      {
        "stddev": 81.77000264970849,
        "x": null,
        "y": 31986057.666666668
      }
    ],
    "sporadic[Interrupt]": [
      {
        "stddev": 1150.1140523153924,
        "x": 12,
        "y": 30175883.666666668
      },
      {
        "stddev": 901.3525022616476,
        "x": 24,
        "y": 31130564.333333332
      },
      {
        "stddev": 1531.579903237177,
        "x": 48,
        "y": 31219030
      },
      {
        "stddev": 268.7607362196594,
        "x": 96,
        "y": 31607585.333333332
      }
    ]
  }
}