{
  "inputs": [
    [
      "high-extra-refills",
      8
    ],
    [
      "high-budget",
      120
    ],
    [
      "low-period",
      200000
    ],
    [
      "timer-both",
      false
    ]
  ],
  "series": {
    "sporadic/[Interrupt]": [
      {
        "stddev": 36.69241520169166,
        "x": 83333.33333333333,
        "y": 65672.33333333333
      },
      {
        "stddev": 5.0,
        "x": 41666.666666666664,
        "y": 55313
      },
      {
        "stddev": 8.32666399786453,
        "x": 20833.333333333332,
        "y": 29332.333333333332
      },
      {
        "stddev": 3.605551275463989,
        "x": 10416.666666666666,
        "y": 15130
      }
    ]
  }
}