{
  "inputs": [
    [
      "high-extra-refills",
      8
    ],
    [
      "high-budget",
      240
    ],
    [
      "low-period",
      100000
    ],
    [
      "timer-both",
      false
    ]
  ],
  "series": {
    "sporadic/[Interrupt]": [
      {
        "stddev": 15.50268793897798,
        "x": 83333.33333333333,
        "y": 99267.66666666667
      },
      {
        "stddev": 14.798648586948742,
        "x": 41666.666666666664,
        "y": 55327
      },
      {
        "stddev": 3.5118845842842465,
        "x": 20833.333333333332,
        "y": 29325.333333333332
      },
      {
        "stddev": 1.7320508075688772,
        "x": 10416.666666666666,
        "y": 15130
      }
    ]
  }
}