{
  "inputs": [
    [
      "high-extra-refills",
      8
    ],
    [
      "high-budget",
      60
    ],
    [
      "low-period",
      12500
    ],
    [
      "timer-both",
      true
    ]
  ],
  "series": {
    "sporadic/[Interrupt]": [
      {
        "stddev": 53.79900866496829,
        "x": 83333.33333333333,
        "y": 41116.666666666664
      },
      {
        "stddev": 6.110100926607787,
        "x": 41666.666666666664,
        "y": 34409.666666666664
      },
      {
        "stddev": 4.58257569495584,
        "x": 20833.333333333332,
        "y": 17664
      },
      {
        "stddev": 4.041451884327381,
        "x": 10416.666666666666,
        "y": 8931.333333333334
      }
    ]
  }
}