{
  "inputs": [
    [
      "high-extra-refills",
      8
    ],
    [
      "high-budget",
      60
    ],
    [
      "low-period",
      12500
    ],
    [
      "timer-both",
      false
    ]
  ],
  "series": {
    "sporadic/[Interrupt]": [
      {
        "stddev": 30.04995840263344,
        "x": 83333.33333333333,
        "y": 41306
      },
      {
        "stddev": 4.509249752822894,
        "x": 41666.666666666664,
        "y": 40554.666666666664
      },
      {
        "stddev": 35.21836642056717,
        "x": 20833.333333333332,
        "y": 38554.666666666664
      },
      {
        "stddev": 4.58257569495584,
        "x": 10416.666666666666,
        "y": 22308
      }
    ]
  }
}