{
  "inputs": [
    [
      "low-period",
      100000
    ],
    [
      "high-extra-refills",
      8
    ],
    [
      "high-budget",
      60
    ],
    [
      "timer-both",
      true
    ]
  ],
  "series": {
    "irq-bounded[Baseline]": [
      {
        "stddev": 3.605551275463989,
        "x": null,
        "y": 31995117
      }
    ],
    "sporadic[Baseline]": [
      {
        "stddev": 14.843629385474879,
        "x": null,
        "y": 31996111.333333332
      }
    ],
    "sporadic[Interrupt]": [
      {
        "stddev": 6197.9539634732155,
        "x": 12,
        "y": 30633677.333333332
      },
      {
        "stddev": 1372.1454004587124,
        "x": 24,
        "y": 30455059
      },
      {
        "stddev": 829.8218684352283,
        "x": 48,
        "y": 31231111.333333332
      },
      {
        "stddev": 685.2863148592224,
        "x": 96,
        "y": 31619075.666666668
      }
    ]
  }
}