{
  "inputs": [
    [
      "low-period",
      100000
    ],
    [
      "high-extra-refills",
      8
    ],
    [
      "high-budget",
      60
    ],
    [
      "timer-both",
      false
    ]
  ],
  "series": {
    "irq-bounded[Baseline]": [
      {
        "stddev": 3.605551275463989,
        "x": null,
        "y": 31995117
      }
    ],
    "sporadic[Baseline]": [
      {
        "stddev": 14.843629385474879,
        "x": null,
        "y": 31996111.333333332
      }
    ],
    "sporadic[Interrupt]": [
      {
        "stddev": 13060.142048742553,
        "x": 12,
        "y": 30863854.333333332
      },
      {
        "stddev": 4463.182982282189,
        "x": 24,
        "y": 30876700.666666668
      },
      {
        "stddev": 6173.103514440691,
        "x": 48,
        "y": 30929626
      },
      {
        "stddev": 2928.0687036566155,
        "x": 96,
        "y": 31392111.666666668
      }
    ]
  }
}