{
  "inputs": [
    [
      "low-period",
      200000
    ],
    [
      "high-extra-refills",
      8
    ],
    [
      "high-budget",
      240
    ],
    [
      "timer-both",
      true
    ]
  ],
  "series": {
    "irq-bounded/[Baseline]": [
      {
        "stddev": 0.0,
        "x": null,
        "y": 99997
      }
    ],
    "sporadic/[Baseline]": [
      {
        "stddev": 0.0,
        "x": null,
        "y": 99996
      }
    ],
    "sporadic/[Interrupt]": [
      {
        "stddev": 3.2145502536643185,
        "x": 83333.33333333333,
        "y": 99958.33333333333
      },
      {
        "stddev": 4.509249752822894,
        "x": 41666.666666666664,
        "y": 99956.66666666667
      },
      {
        "stddev": 6.110100926607786,
        "x": 20833.333333333332,
        "y": 99985.66666666667
      },
      {
        "stddev": 0.0,
        "x": 10416.666666666666,
        "y": 99988
      }
    ]
  }
}