{
  "inputs": [
    [
      "low-period",
      200000
    ],
    [
      "high-extra-refills",
      8
    ],
    [
      "high-budget",
      240
    ],
    [
      "timer-both",
      false
    ]
  ],
  "series": {
    "irq-bounded/[Baseline]": [
      {
        "stddev": 0.0,
        "x": null,
        "y": 99997
      }
    ],
    "sporadic/[Baseline]": [
      {
        "stddev": 0.0,
        "x": null,
        "y": 99996
      }
    ],
    "sporadic/[Interrupt]": [
      {
        "stddev": 0.5773502691896257,
        "x": 83333.33333333333,
        "y": 99942.66666666667
      },
      {
        "stddev": 2.5166114784235836,
        "x": 41666.666666666664,
        "y": 99948.33333333333
      },
      {
        "stddev": 15.14375558880073,
        "x": 20833.333333333332,
        "y": 99961.33333333333
      },
      {
        "stddev": 7.211102550927978,
        "x": 10416.666666666666,
        "y": 99976
      }
    ]
  }
}