{
  "inputs": [
    [
      "low-period",
      50000
    ],
    [
      "high-extra-refills",
      8
    ],
    [
      "high-budget",
      120
    ],
    [
      "timer-both",
      true
    ]
  ],
  "series": {
    "irq-bounded[Baseline]": [
      {
        "stddev": 11.590225767142474,
        "x": null,
        "y": 31991118.333333332
      }
    ],
    "sporadic[Baseline]": [
      {
        "stddev": 13.051181300301263,
        "x": null,
        "y": 31993545.666666668
      }
    ],
    "sporadic[Interrupt]": [
      {
        "stddev": 2373.5574566460364,
        "x": 12,
        "y": 28806310
      },
      {
        "stddev": 280.0214277515205,
        "x": 24,
        "y": 31154225
      },
      {
        "stddev": 679.5339088914793,
        "x": 48,
        "y": 31229745.666666668
      },
      {
        "stddev": 564.7763569177921,
        "x": 96,
        "y": 31618598.666666668
      }
    ]
  }
}