{
  "inputs": [
    [
      "low-period",
      50000
    ],
    [
      "high-extra-refills",
      8
    ],
    [
      "high-budget",
      120
    ],
    [
      "timer-both",
      false
    ]
  ],
  "series": {
    "irq-bounded[Baseline]": [
      {
        "stddev": 11.590225767142474,
        "x": null,
        "y": 31991118.333333332
      }
    ],
    "sporadic[Baseline]": [
      {
        "stddev": 13.051181300301263,
        "x": null,
        "y": 31993545.666666668
      }
    ],
    "sporadic[Interrupt]": [
      {
        "stddev": 3923.810690302647,
        "x": 12,
        "y": 28888633.666666668
      },
      {
        "stddev": 284.8795066924494,
        "x": 24,
        "y": 29505870.666666668
      },
      {
        "stddev": 2522.5596127742947,
        "x": 48,
        "y": 30774084
      },
      {
        "stddev": 2297.243565667341,
        "x": 96,
        "y": 31389233
      }
    ]
  }
}