{
  "inputs": [
    [
      "high-extra-refills",
      8
    ],
    [
      "high-budget",
      60
    ],
    [
      "low-period",
      12500
    ],
    [
      "timer-both",
      true
    ]
  ],
  "series": {
    "sporadic/[Interrupt]": [
      {
        "stddev": 73.17331025266886,
        "x": 83333.33333333333,
        "y": 19194.666666666668
      },
      {
        "stddev": 2.8867513459481287,
        "x": 41666.666666666664,
        "y": 19986.333333333332
      },
      {
        "stddev": 0.0,
        "x": 20833.333333333332,
        "y": 10203
      },
      {
        "stddev": 0.0,
        "x": 10416.666666666666,
        "y": 5154
      }
    ]
  }
}