{
  "inputs": [
    [
      "high-extra-refills",
      8
    ],
    [
      "high-budget",
      60
    ],
    [
      "low-period",
      12500
    ],
    [
      "timer-both",
      false
    ]
  ],
  "series": {
    "sporadic/[Interrupt]": [
      {
        "stddev": 27.30079363925769,
        "x": 83333.33333333333,
        "y": 25768.666666666668
      },
      {
        "stddev": 36.90979996333404,
        "x": 41666.666666666664,
        "y": 25536.333333333332
      },
      {
        "stddev": 21.656407827707714,
        "x": 20833.333333333332,
        "y": 24676
      },
      {
        "stddev": 1.1547005383792515,
        "x": 10416.666666666666,
        "y": 15128.333333333334
      }
    ]
  }
}